cveID,vendorProject,product,vulnerabilityName,dateAdded,dueDate,knownRansomwareCampaignUse,healthcare_relevance_score,internet_facing_score,ransomware_score,technical_impact_score,remediation_urgency_score,operational_impact_score,total_priority_score,priority_level
CVE-2026-0257,Palo Alto Networks,PAN-OS,Palo Alto Networks PAN-OS Authentication Bypass Vulnerability,2026-05-29,2026-06-01,Known,3,2,3,3,2,3,16,Critical
CVE-2023-21529,Microsoft,Exchange Server,Microsoft Exchange Server Deserialization of Untrusted Data Vulnerability,2026-04-13,2026-04-27,Known,3,2,3,3,2,3,16,Critical
CVE-2026-20131,Cisco,Secure Firewall Management Center (FMC),Cisco Secure Firewall Management Center (FMC) Software and Cisco Security Cloud Control (SCC) Firewall Management Deserialization of Untrusted Data Vulnerability,2026-03-19,2026-03-22,Known,3,2,3,3,2,3,16,Critical
CVE-2026-50751,Check Point,Security Gateway,Check Point Security Gateway Improper Authentication Vulnerability,2026-06-08,2026-06-11,Known,0,2,3,3,2,3,13,Critical
CVE-2026-1731,BeyondTrust,Remote Support (RS) and Privileged Remote Access (PRA),BeyondTrust Remote Support (RS) and Privileged Remote Access (PRA) OS Command Injection Vulnerability,2026-02-13,2026-02-16,Known,0,2,3,3,2,3,13,Critical
CVE-2026-20182,Cisco,Catalyst SD-WAN,Cisco Catalyst SD-WAN Controller Authentication Bypass Vulnerability,2026-05-14,2026-05-17,Unknown,3,0,0,3,2,3,11,High
CVE-2026-35273,Oracle,PeopleSoft Enterprise PeopleTools,Oracle PeopleSoft Enterprise PeopleTools Missing Authentication for Critical Function Vulnerability,2026-06-12,2026-06-15,Known,3,0,3,0,2,2,10,High
CVE-2026-10520,Ivanti,Sentry,Ivanti Sentry OS Command Injection Vulnerability,2026-06-11,2026-06-14,Unknown,3,0,0,3,2,2,10,High
CVE-2022-0492,Linux,Kernel,Linux Kernel Improper Authentication Vulnerability,2026-06-02,2026-06-05,Unknown,3,0,0,3,2,2,10,High
CVE-2026-6973,Ivanti,Endpoint Manager Mobile (EPMM),Ivanti Endpoint Manager Mobile (EPMM) Improper Input Validation Vulnerability,2026-05-07,2026-05-10,Unknown,3,0,0,3,2,2,10,High
CVE-2026-31431,Linux,Kernel,Linux Kernel Incorrect Resource Transfer Between Spheres Vulnerability,2026-05-01,2026-05-15,Unknown,3,0,0,3,2,0,8,Moderate
CVE-2026-41940,WebPros,cPanel & WHM and WP2 (WordPress Squared),WebPros cPanel & WHM and WP2 (WordPress Squared) Missing Authentication for Critical Function Vulnerability,2026-04-30,2026-05-03,Known,0,0,3,3,2,0,8,Moderate
CVE-2026-33825,Microsoft,Defender,Microsoft Defender Insufficient Granularity of Access Control Vulnerability,2026-04-22,2026-05-06,Known,3,0,3,0,2,0,8,Moderate
CVE-2023-27351,PaperCut,NG/MF,PaperCut NG/MF Improper Authentication Vulnerability,2026-04-20,2026-05-04,Known,0,0,3,3,2,0,8,Moderate
CVE-2009-0238,Microsoft,Office,Microsoft Office Remote Code Execution,2026-04-14,2026-04-28,Unknown,3,0,0,3,2,0,8,Moderate
CVE-2012-1854,Microsoft,Visual Basic for Applications (VBA),Microsoft Visual Basic for Applications Insecure Library Loading Vulnerability,2026-04-13,2026-04-27,Unknown,3,0,0,3,2,0,8,Moderate
CVE-2025-60710,Microsoft,Windows,Microsoft Windows Link Following Vulnerability,2026-04-13,2026-04-27,Unknown,3,0,0,3,2,0,8,Moderate
CVE-2020-9715,Adobe,Acrobat,Adobe Acrobat Use-After-Free Vulnerability,2026-04-13,2026-04-27,Unknown,3,0,0,3,2,0,8,Moderate
CVE-2026-34621,Adobe,Acrobat and Reader,Adobe Acrobat and Reader Prototype Pollution Vulnerability,2026-04-13,2026-04-27,Unknown,3,0,0,3,2,0,8,Moderate
CVE-2026-1340,Ivanti,Endpoint Manager Mobile (EPMM),Ivanti Endpoint Manager Mobile (EPMM) Code Injection Vulnerability,2026-04-08,2026-04-11,Unknown,3,0,0,3,2,0,8,Moderate
CVE-2025-53521,F5,BIG-IP,F5 BIG-IP Stack-Based Buffer Overflow Vulnerability,2026-03-27,2026-03-30,Unknown,3,0,0,3,2,0,8,Moderate
CVE-2026-20963,Microsoft,SharePoint,Microsoft SharePoint Deserialization of Untrusted Data Vulnerability,2026-03-18,2026-03-21,Unknown,3,0,0,3,2,0,8,Moderate
CVE-2026-1603,Ivanti,Endpoint Manager (EPM),Ivanti Endpoint Manager (EPM) Authentication Bypass Vulnerability,2026-03-09,2026-03-23,Unknown,3,0,0,3,2,0,8,Moderate
CVE-2026-22719,Broadcom,VMware Aria Operations,Broadcom VMware Aria Operations Command Injection Vulnerability,2026-03-03,2026-03-24,Unknown,3,0,0,3,2,0,8,Moderate
CVE-2026-20127,Cisco,Catalyst SD-WAN Controller and Manager,Cisco Catalyst SD-WAN Controller and Manager Authentication Bypass Vulnerability,2026-02-25,2026-02-27,Unknown,3,0,0,3,2,0,8,Moderate
CVE-2008-0015,Microsoft,Windows,Microsoft Windows Video ActiveX Control Remote Code Execution Vulnerability,2026-02-17,2026-03-10,Unknown,3,0,0,3,2,0,8,Moderate
CVE-2025-11953,React Native Community,CLI,React Native Community CLI OS Command Injection Vulnerability,2026-02-05,2026-02-26,Unknown,3,0,0,3,2,0,8,Moderate
CVE-2026-1281,Ivanti,Endpoint Manager Mobile (EPMM),Ivanti Endpoint Manager Mobile (EPMM) Code Injection Vulnerability,2026-01-29,2026-02-01,Unknown,3,0,0,3,2,0,8,Moderate
CVE-2026-24858,Fortinet,Multiple Products,Fortinet Multiple Products Authentication Bypass Using an Alternate Path or Channel Vulnerability,2026-01-27,2026-01-30,Unknown,3,0,0,3,2,0,8,Moderate
CVE-2025-52691,SmarterTools,SmarterMail,SmarterTools SmarterMail Unrestricted Upload of File with Dangerous Type Vulnerability,2026-01-26,2026-02-16,Known,0,0,3,3,2,0,8,Moderate
CVE-2026-23760,SmarterTools,SmarterMail,SmarterTools SmarterMail Authentication Bypass Using an Alternate Path or Channel Vulnerability,2026-01-26,2026-02-16,Known,0,0,3,3,2,0,8,Moderate
CVE-2024-37079,Broadcom,VMware vCenter Server,Broadcom VMware vCenter Server Out-of-bounds Write Vulnerability,2026-01-23,2026-02-13,Unknown,3,0,0,3,2,0,8,Moderate
CVE-2026-42897,Microsoft,Microsoft,Microsoft Exchange Server Cross-Site Scripting Vulnerability,2026-05-15,2026-05-29,Unknown,3,2,0,0,2,0,7,Moderate
CVE-2026-0300,Palo Alto Networks,PAN-OS,Palo Alto Networks PAN-OS Out-of-bounds Write Vulnerability,2026-05-06,2026-05-09,Unknown,3,2,0,0,2,0,7,Moderate
CVE-2026-3055,Citrix,NetScaler,Citrix NetScaler Out-of-Bounds Read Vulnerability,2026-03-30,2026-04-02,Unknown,3,2,0,0,2,0,7,Moderate
CVE-2026-21525,Microsoft,Windows,Microsoft Windows NULL Pointer Dereference Vulnerability,2026-02-10,2026-03-03,Unknown,3,2,0,0,2,0,7,Moderate
CVE-2025-64328,Sangoma,FreePBX,Sangoma FreePBX OS Command Injection Vulnerability,2026-02-03,2026-02-24,Unknown,0,2,0,3,2,0,7,Moderate
CVE-2026-48558,SimpleHelp,SimpleHelp,SimpleHelp Authentication Bypass Vulnerability,2026-06-29,2026-07-02,Unknown,0,0,0,3,2,0,5,Moderate
CVE-2026-12569,PTC,Windchill and FlexPLM,PTC Windchill and FlexPLM Improper Input Validation Vulnerability,2026-06-25,2026-06-28,Known,0,0,3,0,2,0,5,Moderate
CVE-2026-20230,Cisco,Unified Communications Manager,Cisco Unified Communications Manager Server-Side Request Forgery (SSRF) Vulnerability,2026-06-25,2026-06-28,Unknown,3,0,0,0,2,0,5,Moderate
CVE-2026-34910,Ubiquiti,UniFi OS,Ubiquiti UniFi OS Improper Input Validation Vulnerability,2026-06-23,2026-06-26,Unknown,0,0,0,3,2,0,5,Moderate
CVE-2026-54420,LiteSpeed,cPanel Plugin,LiteSpeed cPanel Plugin UNIX Symbolic Link (Symlink) Following Vulnerability,2026-06-15,2026-06-18,Unknown,3,0,0,0,2,0,5,Moderate
CVE-2026-20262,Cisco,Catalyst SD-WAN Manager,Cisco Catalyst SD-WAN Manager Directory or Path Traversal Vulnerability,2026-06-15,2026-06-29,Unknown,3,0,0,0,2,0,5,Moderate
CVE-2026-11645,Google,Chromium V8,Google Chromium V8 Out-of-Bounds Read and Write Vulnerability,2026-06-09,2026-06-23,Unknown,3,0,0,0,2,0,5,Moderate
CVE-2026-20245,Cisco,Catalyst SD-WAN Manager,Cisco Catalyst SD-WAN Manager Improper Encoding or Escaping of Output Vulnerability,2026-06-09,2026-06-23,Unknown,3,0,0,0,2,0,5,Moderate
CVE-2026-42271,BerriAI,LiteLLM,BerriAI LiteLLM Command Injection Vulnerability,2026-06-08,2026-06-22,Unknown,0,0,0,3,2,0,5,Moderate
CVE-2026-45247,Mirasvit,Mirasvit Full Page Cache Warmer,Mirasvit Full Page Cache Warmer Deserialization of Untrusted Data Vulnerability,2026-06-03,2026-06-06,Unknown,0,0,0,3,2,0,5,Moderate
CVE-2025-48595,Android,Framework,Android Framework Integer Overflow Vulnerability,2026-06-02,2026-06-05,Unknown,0,0,0,3,2,0,5,Moderate
CVE-2024-21182,Oracle,WebLogic Server,Oracle WebLogic Server Unspecified Vulnerability,2026-06-01,2026-06-04,Unknown,3,0,0,0,2,0,5,Moderate
CVE-2026-48027,Nx,Nx Console,Nx Console Embedded Malicious Code Vulnerability,2026-05-27,2026-06-10,Known,0,0,3,0,2,0,5,Moderate
CVE-2026-45321,TanStack,TanStack,TanStack Unspecified Vulnerability,2026-05-27,2026-06-10,Known,0,0,3,0,2,0,5,Moderate
CVE-2026-48172,LiteSpeed,cPanel Plugin,LiteSpeed cPanel Plugin Privilege Escalation Vulnerability,2026-05-26,2026-05-29,Unknown,0,0,0,3,2,0,5,Moderate
CVE-2026-9082,Drupal,Core,Drupal Core SQL Injection Vulnerability,2026-05-22,2026-05-27,Unknown,0,0,0,3,2,0,5,Moderate
CVE-2008-4250,Microsoft,Windows,Microsoft Windows Buffer Overflow Vulnerability,2026-05-20,2026-06-03,Unknown,3,0,0,0,2,0,5,Moderate
CVE-2009-1537,Microsoft,DirectX,Microsoft DirectX NULL Byte Overwrite Vulnerability,2026-05-20,2026-06-03,Unknown,3,0,0,0,2,0,5,Moderate
CVE-2009-3459,Adobe,Acrobat and Reader,Adobe Acrobat and Reader Heap-Based Buffer Overflow Vulnerability,2026-05-20,2026-06-03,Unknown,3,0,0,0,2,0,5,Moderate
CVE-2010-0249,Microsoft,Internet Explorer,Microsoft Internet Explorer Use-After-Free Vulnerability,2026-05-20,2026-06-03,Unknown,3,0,0,0,2,0,5,Moderate
CVE-2010-0806,Microsoft,Internet Explorer,Microsoft Internet Explorer Use-After-Free Vulnerability,2026-05-20,2026-06-03,Unknown,3,0,0,0,2,0,5,Moderate
CVE-2026-41091,Microsoft,Defender,Microsoft Defender Link Following Vulnerability,2026-05-20,2026-06-03,Unknown,3,0,0,0,2,0,5,Moderate
CVE-2026-45498,Microsoft,Defender,Microsoft Defender Denial of Service Vulnerability,2026-05-20,2026-06-03,Unknown,3,0,0,0,2,0,5,Moderate
CVE-2024-1708,ConnectWise,ScreenConnect,ConnectWise ScreenConnect Path Traversal Vulnerability,2026-04-28,2026-05-12,Known,0,0,3,0,2,0,5,Moderate
CVE-2026-32202,Microsoft,Windows,Microsoft Windows Protection Mechanism Failure Vulnerability,2026-04-28,2026-05-12,Unknown,3,0,0,0,2,0,5,Moderate
CVE-2025-29635,D-Link,DIR-823X,D-Link DIR-823X Command Injection Vulnerability,2026-04-24,2026-05-08,Unknown,0,0,0,3,2,0,5,Moderate
CVE-2024-57728,SimpleHelp,SimpleHelp,SimpleHelp Path Traversal Vulnerability,2026-04-24,2026-05-08,Known,0,0,3,0,2,0,5,Moderate
CVE-2024-57726,SimpleHelp,SimpleHelp,SimpleHelp Missing Authorization Vulnerability,2026-04-24,2026-05-08,Known,0,0,3,0,2,0,5,Moderate
CVE-2026-39987,Marimo,Marimo,Marimo Remote Code Execution Vulnerability,2026-04-23,2026-05-07,Unknown,0,0,0,3,2,0,5,Moderate
CVE-2026-20122,Cisco,Catalyst SD-WAN Manger,Cisco Catalyst SD-WAN Manager Incorrect Use of Privileged APIs Vulnerability,2026-04-20,2026-04-23,Unknown,3,0,0,0,2,0,5,Moderate
CVE-2026-20133,Cisco,Catalyst SD-WAN Manager,Cisco Catalyst SD-WAN Manager Exposure of Sensitive Information to an Unauthorized Actor Vulnerability,2026-04-20,2026-04-23,Unknown,3,0,0,0,2,0,5,Moderate
CVE-2026-20128,Cisco,Catalyst SD-WAN Manager,Cisco Catalyst SD-WAN Manager Storing Passwords in a Recoverable Format Vulnerability,2026-04-20,2026-04-23,Unknown,3,0,0,0,2,0,5,Moderate
CVE-2025-32975,Quest,KACE Systems Management Appliance (SMA),Quest KACE Systems Management Appliance (SMA) Improper Authentication Vulnerability,2026-04-20,2026-05-04,Unknown,0,0,0,3,2,0,5,Moderate
CVE-2024-27199,JetBrains,TeamCity,JetBrains TeamCity Relative Path Traversal Vulnerability,2026-04-20,2026-05-04,Known,0,0,3,0,2,0,5,Moderate
CVE-2026-34197,Apache,ActiveMQ,Apache ActiveMQ Improper Input Validation Vulnerability,2026-04-16,2026-04-30,Unknown,3,0,0,0,2,0,5,Moderate
CVE-2026-32201,Microsoft,SharePoint Server,Microsoft SharePoint Server Improper Input Validation Vulnerability,2026-04-14,2026-04-28,Unknown,3,0,0,0,2,0,5,Moderate
CVE-2023-36424,Microsoft,Windows,Microsoft Windows Out-of-Bounds Read Vulnerability,2026-04-13,2026-04-27,Unknown,3,0,0,0,2,0,5,Moderate
CVE-2026-21643,Fortinet,FortiClient EMS,Fortinet FortiClient EMS SQL Injection Vulnerability,2026-04-13,2026-04-16,Unknown,3,0,0,0,2,0,5,Moderate
CVE-2026-35616,Fortinet,FortiClient EMS,Fortinet FortiClient EMS Improper Access Control Vulnerability,2026-04-06,2026-04-09,Unknown,3,0,0,0,2,0,5,Moderate
CVE-2026-3502,TrueConf,Client,TrueConf Client Download of Code Without Integrity Check Vulnerability,2026-04-02,2026-04-16,Unknown,0,0,0,3,2,0,5,Moderate
CVE-2026-5281,Google,Dawn,Google Dawn Use-After-Free Vulnerability,2026-04-01,2026-04-15,Unknown,3,0,0,0,2,0,5,Moderate
CVE-2026-3910,Google,Chromium V8,Google Chromium V8 Improper Restriction of Operations Within the Bounds of a Memory Buffer Vulnerability,2026-03-13,2026-03-27,Unknown,3,0,0,0,2,0,5,Moderate
CVE-2025-68613,n8n,n8n,n8n Improper Control of Dynamically-Managed Code Resources Vulnerability,2026-03-11,2026-03-25,Unknown,0,0,0,3,2,0,5,Moderate
CVE-2021-22054,Omnissa,Workspace One UEM,Omnissa Workspace ONE Server-Side Request Forgery,2026-03-09,2026-03-23,Unknown,3,0,0,0,2,0,5,Moderate
CVE-2025-26399,SolarWinds,Web Help Desk,SolarWinds Web Help Desk Deserialization of Untrusted Data Vulnerability,2026-03-09,2026-03-12,Unknown,0,0,0,3,2,0,5,Moderate
CVE-2017-7921,Hikvision,Multiple Products,Hikvision Multiple Products Improper Authentication Vulnerability,2026-03-05,2026-03-26,Unknown,0,0,0,3,2,0,5,Moderate
CVE-2021-30952,Apple,Multiple Products,Apple Multiple Products Integer Overflow or Wraparound Vulnerability,2026-03-05,2026-03-26,Unknown,0,0,0,3,2,0,5,Moderate
CVE-2022-20775,Cisco,SD-WAN,Cisco SD-WAN Path Traversal Vulnerability,2026-02-25,2026-02-27,Unknown,3,0,0,0,2,0,5,Moderate
CVE-2026-25108,Soliton Systems K.K,FileZen,Soliton Systems K.K FileZen OS Command Injection Vulnerability,2026-02-24,2026-03-17,Unknown,0,0,0,3,2,0,5,Moderate
CVE-2025-49113,Roundcube,Webmail,RoundCube Webmail Deserialization of Untrusted Data Vulnerability,2026-02-20,2026-03-13,Unknown,0,0,0,3,2,0,5,Moderate
CVE-2026-2441,Google,Chromium,Google Chromium CSS Use-After-Free Vulnerability,2026-02-17,2026-03-10,Unknown,3,0,0,0,2,0,5,Moderate
CVE-2024-43468,Microsoft,Configuration Manager,Microsoft Configuration Manager SQL Injection Vulnerability,2026-02-12,2026-03-05,Unknown,3,0,0,0,2,0,5,Moderate
CVE-2025-15556,Notepad++,Notepad++,Notepad++ Download of Code Without Integrity Check Vulnerability,2026-02-12,2026-03-05,Unknown,0,0,0,3,2,0,5,Moderate
CVE-2026-21513,Microsoft,Windows,Microsoft MSHTML Framework Protection Mechanism Failure Vulnerability,2026-02-10,2026-03-03,Unknown,3,0,0,0,2,0,5,Moderate
CVE-2026-21510,Microsoft,Windows,Microsoft Windows Shell Protection Mechanism Failure Vulnerability,2026-02-10,2026-03-03,Unknown,3,0,0,0,2,0,5,Moderate
CVE-2026-21533,Microsoft,Windows,Microsoft Windows Improper Privilege Management Vulnerability,2026-02-10,2026-03-03,Unknown,3,0,0,0,2,0,5,Moderate
CVE-2026-21519,Microsoft,Windows,Microsoft Windows Type Confusion Vulnerability,2026-02-10,2026-03-03,Unknown,3,0,0,0,2,0,5,Moderate
CVE-2026-21514,Microsoft,Office,Microsoft Office Word Reliance on Untrusted Inputs in a Security Decision Vulnerability,2026-02-10,2026-03-03,Unknown,3,0,0,0,2,0,5,Moderate
CVE-2026-24423,SmarterTools,SmarterMail,SmarterTools SmarterMail Missing Authentication for Critical Function Vulnerability,2026-02-05,2026-02-26,Known,0,0,3,0,2,0,5,Moderate
CVE-2019-19006,Sangoma,FreePBX,Sangoma FreePBX Improper Authentication Vulnerability,2026-02-03,2026-02-24,Unknown,0,0,0,3,2,0,5,Moderate
CVE-2025-40551,SolarWinds,Web Help Desk,SolarWinds Web Help Desk Deserialization of Untrusted Data Vulnerability,2026-02-03,2026-02-06,Unknown,0,0,0,3,2,0,5,Moderate
CVE-2018-14634,Linux,Kernel,Linux Kernel Integer Overflow Vulnerability,2026-01-26,2026-02-16,Unknown,3,0,0,0,2,0,5,Moderate
CVE-2026-24061,GNU,InetUtils,GNU InetUtils Argument Injection Vulnerability,2026-01-26,2026-02-16,Unknown,0,0,0,3,2,0,5,Moderate
CVE-2026-21509,Microsoft,Office,Microsoft Office Security Feature Bypass Vulnerability,2026-01-26,2026-02-16,Unknown,3,0,0,0,2,0,5,Moderate
CVE-2025-34026,Versa,Concerto,Versa Concerto Improper Authentication Vulnerability,2026-01-22,2026-02-12,Unknown,0,0,0,3,2,0,5,Moderate
CVE-2025-54313,Prettier,eslint-config-prettier,Prettier eslint-config-prettier Embedded Malicious Code Vulnerability,2026-01-22,2026-02-12,Unknown,3,0,0,0,2,0,5,Moderate
CVE-2026-20045,Cisco,Unified Communications Manager,Cisco Unified Communications Products Code Injection Vulnerability,2026-01-21,2026-02-11,Unknown,3,0,0,0,2,0,5,Moderate
CVE-2026-20805,Microsoft,Windows,Microsoft Windows Information Disclosure Vulnerability,2026-01-13,2026-02-03,Unknown,3,0,0,0,2,0,5,Moderate
CVE-2025-8110,Gogs,Gogs,Gogs Path Traversal Vulnerability,2026-01-12,2026-02-02,Unknown,0,0,0,3,2,0,5,Moderate
CVE-2009-0556,Microsoft,Office,Microsoft Office PowerPoint Code Injection Vulnerability,2026-01-07,2026-01-28,Unknown,3,0,0,0,2,0,5,Moderate
CVE-2025-37164,Hewlett Packard Enterprise (HPE),OneView,Hewlett Packard Enterprise (HPE) OneView Code Injection Vulnerability,2026-01-07,2026-01-28,Unknown,0,0,0,3,2,0,5,Moderate
CVE-2025-48700,Synacor,Zimbra Collaboration Suite (ZCS),Synacor Zimbra Collaboration Suite (ZCS) Cross-site Scripting Vulnerability,2026-04-20,2026-04-23,Unknown,0,2,0,0,2,0,4,Low
CVE-2025-66376,Synacor,Zimbra Collaboration Suite (ZCS),Synacor Zimbra Collaboration Suite (ZCS) Cross-Site Scripting Vulnerability,2026-03-18,2026-04-01,Unknown,0,2,0,0,2,0,4,Low
CVE-2020-7796,Synacor,Zimbra Collaboration Suite,Synacor Zimbra Collaboration Suite (ZCS) Server-Side Request Forgery Vulnerability,2026-02-17,2026-03-10,Unknown,0,2,0,0,2,0,4,Low
CVE-2025-68645,Synacor,Zimbra Collaboration Suite (ZCS),Synacor Zimbra Collaboration Suite (ZCS) PHP Remote File Inclusion Vulnerability,2026-01-22,2026-02-12,Unknown,0,2,0,0,2,0,4,Low
CVE-2025-67038,Lantronix,EDS5000,Lantronix EDS5000 Code Injection Vulnerability,2026-06-23,2026-06-26,Unknown,0,0,0,0,2,0,2,Low
CVE-2026-34909,Ubiquiti,UniFi OS,Ubiquiti UniFi OS Path Traversal Vulnerability,2026-06-23,2026-06-26,Unknown,0,0,0,0,2,0,2,Low
CVE-2026-34908,Ubiquiti,UniFi OS,Ubiquiti UniFi OS Improper Access Control Vulnerability,2026-06-23,2026-06-26,Unknown,0,0,0,0,2,0,2,Low
CVE-2026-20253,Splunk,Enterprise,Splunk Enterprise Missing Authentication for Critical Function Vulnerability,2026-06-18,2026-06-21,Unknown,0,0,0,0,2,0,2,Low
CVE-2026-48907,Widget Factory,Joomla Content Editor,Widget Factory Joomla Content Editor Improper Access Control Vulnerability,2026-06-16,2026-06-19,Unknown,0,0,0,0,2,0,2,Low
CVE-2026-7473,Arista,Extensible Operating System,Arista Extensible Operating System Incomplete Comparison with Missing Factors Vulnerability,2026-06-09,2026-06-23,Unknown,0,0,0,0,2,0,2,Low
CVE-2026-28318,SolarWinds,Serv-U,SolarWinds Serv-U Uncontrolled Resource Consumption Vulnerability,2026-06-05,2026-06-19,Unknown,0,0,0,0,2,0,2,Low
CVE-2026-8398,Daemon,Daemon Tools Lite,Daemon Tools Lite Embedded Malicious Code Vulnerability,2026-05-27,2026-05-30,Unknown,0,0,0,0,2,0,2,Low
CVE-2025-34291,Langflow,Langflow,Langflow Origin Validation Error Vulnerability,2026-05-21,2026-06-04,Unknown,0,0,0,0,2,0,2,Low
CVE-2026-34926,Trend Micro,Apex One,Trend Micro Apex One (On-Premise) Directory Traversal Vulnerability,2026-05-21,2026-06-04,Unknown,0,0,0,0,2,0,2,Low
CVE-2026-42208,BerriAI,LiteLLM,BerriAI LiteLLM SQL Injection Vulnerability,2026-05-08,2026-05-11,Unknown,0,0,0,0,2,0,2,Low
CVE-2024-7399,Samsung,MagicINFO 9 Server,Samsung MagicINFO 9 Server Path Traversal Vulnerability,2026-04-24,2026-05-08,Unknown,0,0,0,0,2,0,2,Low
CVE-2025-2749,Kentico,Kentico Xperience,Kentico Xperience Path Traversal Vulnerability,2026-04-20,2026-05-04,Unknown,0,0,0,0,2,0,2,Low
CVE-2026-33634,Aquasecurity,Trivy,Aquasecurity Trivy Embedded Malicious Code Vulnerability,2026-03-26,2026-04-09,Unknown,0,0,0,0,2,0,2,Low
CVE-2026-33017,Langflow,Langflow,Langflow Code Injection Vulnerability,2026-03-25,2026-04-08,Unknown,0,0,0,0,2,0,2,Low
CVE-2025-32432,Craft CMS,Craft CMS,Craft CMS Code Injection Vulnerability,2026-03-20,2026-04-03,Unknown,0,0,0,0,2,0,2,Low
CVE-2025-54068,Laravel,Livewire,Laravel Livewire Code Injection Vulnerability,2026-03-20,2026-04-03,Unknown,0,0,0,0,2,0,2,Low
CVE-2025-43510,Apple,Multiple Products,Apple Multiple Products Improper Locking Vulnerability,2026-03-20,2026-04-03,Unknown,0,0,0,0,2,0,2,Low
CVE-2025-43520,Apple,Multiple Products,Apple Multiple Products Classic Buffer Overflow Vulnerability,2026-03-20,2026-04-03,Unknown,0,0,0,0,2,0,2,Low
CVE-2025-31277,Apple,Multiple Products,Apple Multiple Products Buffer Overflow Vulnerability,2026-03-20,2026-04-03,Unknown,0,0,0,0,2,0,2,Low
CVE-2025-47813,Wing FTP Server,Wing FTP Server,Wing FTP Server Information Disclosure Vulnerability,2026-03-16,2026-03-30,Unknown,0,0,0,0,2,0,2,Low
CVE-2026-3909,Google,Skia,Google Skia Out-of-Bounds Write Vulnerability,2026-03-13,2026-03-27,Unknown,0,0,0,0,2,0,2,Low
CVE-2021-22681,Rockwell,Multiple Products,Rockwell Multiple Products Insufficient Protected Credentials Vulnerability,2026-03-05,2026-03-26,Unknown,0,0,0,0,2,0,2,Low
CVE-2023-43000,Apple,Multiple Products,Apple Multiple products Use-After-Free Vulnerability,2026-03-05,2026-03-26,Unknown,0,0,0,0,2,0,2,Low
CVE-2023-41974,Apple,iOS and iPadOS,Apple iOS and iPadOS Use-After-Free Vulnerability,2026-03-05,2026-03-26,Unknown,0,0,0,0,2,0,2,Low
CVE-2026-21385,Qualcomm,Multiple Chipsets,Qualcomm Multiple Chipsets Memory Corruption Vulnerability,2026-03-03,2026-03-24,Unknown,0,0,0,0,2,0,2,Low
CVE-2025-68461,Roundcube,Webmail,RoundCube Webmail Cross-site Scripting Vulnerability,2026-02-20,2026-03-13,Unknown,0,0,0,0,2,0,2,Low
CVE-2021-22175,GitLab,GitLab,GitLab Server-Side Request Forgery (SSRF) Vulnerability,2026-02-18,2026-03-11,Unknown,0,0,0,0,2,0,2,Low
CVE-2026-22769,Dell,RecoverPoint for Virtual Machines (RP4VMs),Dell RecoverPoint for Virtual Machines (RP4VMs) Use of Hard-coded Credentials Vulnerability,2026-02-18,2026-02-21,Unknown,0,0,0,0,2,0,2,Low
CVE-2024-7694,TeamT5,ThreatSonar Anti-Ransomware,TeamT5 ThreatSonar Anti-Ransomware Unrestricted Upload of File with Dangerous Type Vulnerability,2026-02-17,2026-03-10,Unknown,0,0,0,0,2,0,2,Low
CVE-2026-20700,Apple,Multiple Products,Apple Multiple Buffer Overflow Vulnerability,2026-02-12,2026-03-05,Unknown,0,0,0,0,2,0,2,Low
CVE-2025-40536,SolarWinds,Web Help Desk,SolarWinds Web Help Desk Security Control Bypass Vulnerability,2026-02-12,2026-02-15,Unknown,0,0,0,0,2,0,2,Low
CVE-2021-39935,GitLab,Community and Enterprise Editions,GitLab Community and Enterprise Editions Server-Side Request Forgery (SSRF) Vulnerability,2026-02-03,2026-02-24,Unknown,0,0,0,0,2,0,2,Low
CVE-2025-31125,Vite,Vitejs,Vite Vitejs Improper Access Control Vulnerability,2026-01-22,2026-02-12,Unknown,0,0,0,0,2,0,2,Low
